W,VAR,VA,f,V,PF,A,Label
140.439,-29.054,143.413,49.99,189.08,0.979,0.758,"Fan,Motor,Laptop"
144.859,-29.332,147.799,50.01,189.24,0.98,0.781,"Fan,Motor,Laptop"
146.755,-29.215,149.634,49.99,189.02,0.981,0.792,"Fan,Motor,Laptop"
145.091,-29.237,148.007,50,189.21,0.98,0.782,"Fan,Motor,Laptop"
145.709,-29.457,148.657,49.99,189.09,0.98,0.786,"Fan,Motor,Laptop"
202.306,-31.438,204.734,50.16,233.1,0.988,0.878,"Fan,Motor,Laptop,Iron"
203.658,-31.11,206.02,50.18,232.98,0.989,0.884,"Fan,Motor,Laptop,Iron"
76.634,-98.502,124.801,50.17,234.09,0.614,0.533,
2.138,2.519,3.304,50.16,234.78,0.647,0.014,Fan
2.203,2.497,3.329,50.18,234.68,0.662,0.014,Fan
222.423,-32.932,224.847,50.16,232.83,0.989,0.966,"Fan,Motor,Laptop,Iron"
221.376,-32.416,223.737,50.19,232.88,0.989,0.961,"Fan,Motor,Laptop,Iron"
218.181,-31.841,220.492,50.16,232.91,0.99,0.947,"Fan,Motor,Laptop,Iron"
214.771,-31.621,217.086,50.16,232.84,0.989,0.932,"Fan,Motor,Laptop,Iron"
91.782,-103.243,138.141,50.15,234.07,0.664,0.59,
2.017,2.476,3.194,50.16,234.63,0.632,0.014,Fan
120.704,-140.307,185.082,50.16,233.81,0.652,0.792,"Fan,Motor,Laptop"
199.975,-30.426,202.277,50.16,233.28,0.989,0.867,"Fan,Motor,Laptop"
201.091,-30.642,203.412,50.17,233.23,0.989,0.872,"Fan,Motor,Laptop,Iron"
196.839,-29.572,199.048,50.18,233.38,0.989,0.853,"Fan,Motor,Laptop"
194.881,-29.942,199.249,50.16,233.23,0.988,0.845,"Fan,Motor,Laptop"
195.079,-105.155,125.413,50.17,233.28,0.545,0.846,"Fan,Motor,Laptop"
2.173,2.489,3.304,50.17,234.84,0.658,0.014,Fan
2.036,60.225,61.445,50.15,234.75,0.198,0.262,Fan
177.959,-34.412,221.137,50.13,233.53,0.988,0.947,
225.997,-32.834,226.328,50.16,233.3,0.989,0.971,
219.107,-31.622,221.377,50.15,233.16,0.99,0.949,"Fan,Motor,Laptop,Iron"
215.264,-31.03,217.489,50.16,233.22,0.99,0.933,"Fan,Motor,Laptop,Iron"
209.961,-29.902,212.08,50.14,233.12,0.99,0.91,"Fan,Motor,Laptop,Iron"
12.754,-46.117,47.849,50.14,234.63,0.267,0.204,Fan
2.051,2.412,3.166,50.17,234.64,0.648,0.013,Fan
199.372,-98.736,222.481,50.17,233.21,0.896,0.954,"Fan,Motor,Laptop"
206.662,-31.584,209.061,50.17,233.15,0.989,0.897,"Fan,Motor,Laptop,Iron"
200.95,-30.489,203.25,50.15,233.19,0.989,0.872,"Fan,Motor,Laptop,Iron"
200.998,-30.224,203.257,50.16,233.28,0.989,0.871,"Fan,Motor,Laptop,Iron"
200.971,-30.11,203.214,50.16,233.35,0.989,0.871,"Fan,Motor,Laptop,Iron"
196.011,-28.907,198.131,50.18,233.26,0.989,0.849,"Fan,Motor,Laptop"
2.181,2.516,3.33,50.16,234.72,0.655,0.014,Fan
2.119,2.464,3.25,50.18,234.73,0.652,0.014,Fan
227.587,-34.039,230.118,50.18,233.1,0.989,0.987,"Fan,Motor,Laptop,Iron"
230.51,-33.757,232.968,50.16,232.97,0.989,1,"Fan,Motor,Laptop,Iron"
225.035,-32.485,227.367,50.17,233.2,0.99,0.975,"Fan,Motor,Laptop,Iron"
218.585,-31.837,220.891,50.17,233.07,0.99,0.948,"Fan,Motor,Laptop,Iron"
216.06,-31.164,218.296,50.16,233.09,0.99,0.937,"Fan,Motor,Laptop,Iron"
216.118,-30.955,218.324,50.18,233.18,0.99,0.936,"Fan,Motor,Laptop,Iron"
210.575,-30.193,212.729,50.19,233.07,0.99,0.913,"Fan,Motor,Laptop,Iron"
142.741,-101.433,175.11,50.18,233.73,0.815,0.749,
2.147,2.546,3.33,50.18,234.75,0.645,0.014,Fan
122.638,-139.761,185.938,50.16,233.91,0.66,0.795,
209.806,-32.415,212.295,50.18,233.36,0.988,0.91,"Fan,Motor,Laptop,Iron"
200.633,-32.116,203.187,50.18,232.95,0.987,0.872,"Fan,Motor,Laptop,Iron"
197.402,-29.838,199.644,50.18,233.22,0.989,0.856,
202.553,-32.233,205.102,50.2,233.16,0.988,0.88,"Fan,Motor,Laptop,Iron"
5.321,24.589,25.158,50.21,234.71,0.212,0.107,Fan
2.121,2.496,3.275,50.19,234.65,0.647,0.014,Fan
2.144,2.444,3.251,50.18,234.84,0.66,0.014,Fan
225.254,-33.31,227.704,50.2,232.83,0.989,0.978,"Fan,Motor,Laptop,Iron"
225.625,-33.602,228.113,50.2,232.74,0.989,0.98,"Fan,Motor,Laptop,Iron"
222.043,-32.695,224.437,50.19,232.92,0.989,0.964,"Fan,Motor,Laptop,Iron"
217.319,-31.965,219.657,50.19,232.78,0.989,0.944,"Fan,Motor,Laptop,Iron"
214.527,-31.476,216.824,50.21,232.92,0.989,0.931,"Fan,Motor,Laptop,Iron"
221.477,-33.305,223.967,50.19,232.75,0.989,0.962,"Fan,Motor,Laptop,Iron"
214.71,-31.384,216.991,50.19,232.82,0.989,0.932,"Fan,Motor,Laptop,Iron"
215.031,-31.903,217.385,50.19,232.87,0.989,0.934,"Fan,Motor,Laptop,Iron"
210.914,-30.363,213.088,50.19,232.86,0.99,0.915,"Fan,Motor,Laptop,Iron"
209.401,-29.904,211.525,50.19,232.92,0.99,0.908,"Fan,Motor,Laptop,Iron"
216.619,-31.838,218.946,50.19,233.04,0.989,0.94,"Fan,Motor,Laptop,Iron"
213.157,-31.398,215.457,50.2,232.97,0.989,0.925,"Fan,Motor,Laptop,Iron"
215.263,-31.982,217.626,50.19,232.97,0.989,0.934,"Fan,Motor,Laptop,Iron"
211.914,-31.277,214.209,50.18,233.07,0.989,0.919,"Fan,Motor,Laptop,Iron"
209.53,-30.96,211.805,50.19,232.9,0.989,0.909,"Fan,Motor,Laptop,Iron"
209.106,-30.533,211.324,50.2,232.92,0.99,0.907,"Fan,Motor,Laptop,Iron"
208.056,-30.268,208.956,50.2,232.97,0.99,0.902,"Fan,Motor,Laptop,Iron"
204.81,-29.028,209.44,50.2,232.9,0.99,0.888,"Fan,Motor,Laptop,Iron"
206.418,-29.43,207.378,50.2,232.99,0.99,0.895,"Fan,Motor,Laptop,Iron"
207.317,-28.803,206.731,50.2,232.88,0.99,0.888,"Fan,Motor,Laptop,Iron"
204.292,-29.518,209.209,50.2,232.95,0.99,0.898,"Fan,Motor,Laptop,Iron"
204.002,-29.858,210.042,50.16,233.01,0.99,0.902,"Fan,Motor,Laptop,Iron"
208.178,-30.772,211.254,50.18,232.88,0.989,0.907,"Fan,Motor,Laptop,Iron"
210.422,-30.578,212.632,50.19,232.99,0.99,0.913,"Fan,Motor,Laptop,Iron"
210.23,-30.01,212.361,50.19,233.06,0.99,0.911,"Fan,Motor,Laptop,Iron"
208.303,-29.873,210.434,50.18,233.04,0.99,0.903,"Fan,Motor,Laptop,Iron"
212.789,-31.097,215.049,50.19,233.17,0.989,0.922,"Fan,Motor,Laptop,Iron"
209.237,-29.878,211.359,50.19,233.05,0.99,0.907,"Fan,Motor,Laptop,Iron"
212.248,-30.693,214.456,50.19,233.1,0.99,0.92,"Fan,Motor,Laptop,Iron"
209.605,-29.383,211.655,50.19,233.22,0.99,0.908,"Fan,Motor,Laptop,Iron"
211.018,-30.065,213.15,50.2,233.03,0.99,0.915,"Fan,Motor,Laptop,Iron"
210.707,-29.946,212.825,50.19,233.19,0.99,0.913,"Fan,Motor,Laptop,Iron"
211.368,-30.43,213.547,50.18,233.26,0.99,0.915,"Fan,Motor,Laptop,Iron"
210.773,-30.39,212.953,50.18,233.25,0.99,0.913,"Fan,Motor,Laptop,Iron"
211.047,-30.862,213.292,50.19,233.25,0.989,0.914,"Fan,Motor,Laptop,Iron"
214.719,-30.875,216.928,50.17,233.53,0.99,0.929,"Fan,Motor,Laptop,Iron"
211.417,-31.085,213.69,50.2,233.36,0.989,0.916,"Fan,Motor,Laptop,Iron"
210.119,-30.719,212.352,50.19,233.33,0.989,0.91,"Fan,Motor,Laptop,Iron"
215.82,-31.973,218.175,50.2,233.29,0.989,0.935,"Fan,Motor,Laptop,Iron"
211.391,-31.761,213.764,50.21,233.23,0.989,0.917,"Fan,Motor,Laptop,Iron"
208.811,-29.473,210.881,50.19,233.33,0.99,0.904,"Fan,Motor,Laptop,Iron"
209.415,-31.712,211.802,50.2,233.17,0.989,0.908,"Fan,Motor,Laptop,Iron"
211.565,-31.488,213.896,50.19,233.34,0.989,0.917,"Fan,Motor,Laptop,Iron"
209.893,-31.673,212.269,50.18,233.18,0.989,0.91,"Fan,Motor,Laptop,Iron"
207.973,-30.954,210.264,50.18,232.95,0.989,0.903,"Fan,Motor,Laptop,Iron"
213.602,-32.615,216.078,50.19,232.96,0.989,0.928,"Fan,Motor,Laptop,Iron"
207.141,-29.605,209.246,50.18,232.95,0.99,0.898,"Fan,Motor,Laptop,Iron"
208.671,-29.459,210.74,50.17,233.01,0.99,0.904,"Fan,Motor,Laptop,Iron"
207.837,-31.082,210.149,50.18,231.66,0.989,0.907,"Fan,Motor,Laptop,Iron"
213.177,-32.408,215.626,50.18,232.1,0.989,0.929,"Fan,Motor,Laptop,Iron"
219.358,-31.59,221.621,50.18,232.03,0.99,0.955,"Fan,Motor,Laptop,Iron"
207.894,-29.769,210.015,50.19,231.91,0.99,0.906,"Fan,Motor,Laptop,Iron"
213.056,-30.368,215.209,50.18,231.88,0.99,0.928,"Fan,Motor,Laptop,Iron"
207.909,-29.754,210.027,50.18,232.05,0.99,0.905,"Fan,Motor,Laptop,Iron"
207.145,-28.944,209.157,50.18,231.97,0.99,0.902,"Fan,Motor,Laptop,Iron"
207.604,-28.998,209.619,50.21,232.06,0.99,0.903,"Fan,Motor,Laptop,Iron"
203.99,-28.15,205.923,50.19,231.99,0.991,0.888,"Fan,Motor,Laptop,Iron"
199.53,-26.649,201.302,50.2,232.04,0.991,0.868,"Fan,Motor,Laptop"
199.677,-26.636,201.446,50.16,232.21,0.991,0.868,"Fan,Motor,Laptop"
199.136,-26.458,200.886,50.19,232.04,0.991,0.866,"Fan,Motor,Laptop"
199.692,-26.933,201.5,50.19,232.1,0.991,0.868,"Fan,Motor,Laptop"
197.882,-26.25,199.616,50.21,232.15,0.991,0.86,"Fan,Motor,Laptop"
199.266,-26.708,201.048,50.18,232.05,0.991,0.866,"Fan,Motor,Laptop"
202.763,-27.332,204.597,50.2,232,0.991,0.882,"Fan,Motor,Laptop,Iron"
204.84,-27.783,206.716,50.2,232.01,0.991,0.891,"Fan,Motor,Laptop,Iron"
204.257,-28.862,206.286,50.18,231.96,0.99,0.889,"Fan,Motor,Laptop,Iron"
206.794,-28.758,208.784,50.2,232.01,0.99,0.9,"Fan,Motor,Laptop,Iron"
210.96,-29.761,213.283,50.19,231.97,0.99,0.918,"Fan,Motor,Laptop,Iron"
208.461,-29.9,215.047,50.2,232.01,0.99,0.907,"Fan,Motor,Laptop,Iron"
218.325,-29.721,212.411,50.2,232.07,0.99,0.915,"Fan,Motor,Laptop,Iron"
217.127,-29.757,212.067,50.19,231.98,0.99,0.914,"Fan,Motor,Laptop,Iron"
210.195,-28.478,207.801,50.19,232.16,0.991,0.895,"Fan,Motor,Laptop,Iron"
208.491,-29.379,211.516,50.19,232.27,0.99,0.911,"Fan,Motor,Laptop,Iron"
210.399,-30.461,212.592,50.18,232.11,0.99,0.916,"Fan,Motor,Laptop,Iron"
213.599,-30.923,215.825,50.2,232.12,0.99,0.93,"Fan,Motor,Laptop,Iron"
197.775,-25.885,199.461,50.23,232.15,0.992,0.859,"Fan,Motor,Laptop"
205.714,-28.506,207.68,50.21,232.21,0.991,0.894,"Fan,Motor,Laptop,Iron"
217.021,-31.043,219.23,50.2,232.23,0.99,0.944,"Fan,Motor,Laptop,Iron"
213.37,-29.766,215.436,50.23,232.2,0.99,0.928,"Fan,Motor,Laptop,Iron"
210.429,-30.117,212.573,50.21,232.22,0.99,0.915,"Fan,Motor,Laptop,Iron"
210.023,-30.226,212.187,50.22,232.3,0.99,0.913,"Fan,Motor,Laptop,Iron"
209.479,-30.383,211.671,50.23,232.23,0.99,0.911,"Fan,Motor,Laptop,Iron"
207.906,-29.787,210.029,50.23,232.29,0.99,0.904,"Fan,Motor,Laptop,Iron"
207.464,-29.59,209.564,50.21,232.28,0.99,0.902,"Fan,Motor,Laptop,Iron"
206.597,-29.356,208.672,50.23,232.33,0.99,0.898,"Fan,Motor,Laptop,Iron"
208.126,-29.991,210.276,50.22,232.41,0.99,0.905,"Fan,Motor,Laptop,Iron"
206.158,-29.049,208.194,50.21,232.33,0.99,0.896,"Fan,Motor,Laptop,Iron"
200.836,-27.332,202.687,50.22,232.43,0.991,0.872,"Fan,Motor,Laptop,Iron"
202.141,-28.303,204.113,50.23,232.4,0.99,0.878,"Fan,Motor,Laptop,Iron"
203.938,-29.07,206,50.2,232.38,0.99,0.886,"Fan,Motor,Laptop,Iron"
202.191,-28.507,204.19,50.21,232.42,0.99,0.879,"Fan,Motor,Laptop,Iron"
201.073,-27.553,202.952,50.21,232.41,0.991,0.873,"Fan,Motor,Laptop,Iron"
201.26,-27.578,203.141,50.21,232.23,0.991,0.875,"Fan,Motor,Laptop,Iron"
203.014,-28.082,204.947,50.22,232.39,0.991,0.882,"Fan,Motor,Laptop,Iron"
202.963,-28.27,204.922,50.23,232.36,0.99,0.882,"Fan,Motor,Laptop,Iron"
201.2,-27.627,203.088,50.23,232.41,0.991,0.874,"Fan,Motor,Laptop,Iron"
203.232,-28.399,205.206,50.21,232.44,0.99,0.883,"Fan,Motor,Laptop,Iron"
202.623,-28.169,204.572,50.21,232.42,0.99,0.88,"Fan,Motor,Laptop,Iron"
200.951,-27.352,202.804,50.21,232.44,0.991,0.873,"Fan,Motor,Laptop,Iron"
201.267,-27.819,203.18,50.23,232.31,0.991,0.875,"Fan,Motor,Laptop,Iron"
201.478,-27.641,203.365,50.23,232.32,0.991,0.875,"Fan,Motor,Laptop,Iron"
200.503,-27.11,202.328,50.21,232.42,0.991,0.871,"Fan,Motor,Laptop,Iron"
201.306,-27.408,203.163,50.22,232.37,0.991,0.874,"Fan,Motor,Laptop,Iron"
202.078,-28.18,204.034,50.24,232.23,0.99,0.879,"Fan,Motor,Laptop,Iron"
202.54,-27.979,204.463,50.21,232.37,0.991,0.88,"Fan,Motor,Laptop,Iron"
199.812,-26.673,201.585,50.21,232.27,0.991,0.868,"Fan,Motor,Laptop"
204.055,-28.122,205.984,50.21,232.23,0.991,0.887,"Fan,Motor,Laptop,Iron"
205.673,-28.78,207.677,50.22,232.25,0.99,0.894,"Fan,Motor,Laptop,Iron"
207.439,-29.484,209.524,50.21,232.16,0.99,0.903,"Fan,Motor,Laptop,Iron"
210.809,-30.199,212.961,50.22,232.22,0.99,0.917,"Fan,Motor,Laptop,Iron"
206.698,-28.474,208.651,50.21,232.12,0.991,0.899,"Fan,Motor,Laptop,Iron"
205.419,-28.388,207.371,50.21,232.15,0.991,0.893,"Fan,Motor,Laptop,Iron"
205.786,-29.443,207.882,50.2,232.37,0.99,0.895,"Fan,Motor,Laptop,Iron"
203.272,-28.987,205.329,50.21,231.72,0.99,0.886,"Fan,Motor,Laptop,Iron"
205.236,-28.909,207.262,50.2,232.06,0.99,0.893,"Fan,Motor,Laptop,Iron"
203.822,-28.775,205.843,50.19,232.11,0.99,0.887,"Fan,Motor,Laptop,Iron"
205.128,-29.291,207.208,50.21,231.87,0.99,0.894,"Fan,Motor,Laptop,Iron"
203.131,-28.217,205.081,50.2,231.9,0.99,0.884,"Fan,Motor,Laptop,Iron"
208.595,-30.121,210.759,50.2,231.95,0.99,0.909,"Fan,Motor,Laptop,Iron"
206.686,-30.359,208.903,50.21,231.84,0.989,0.901,"Fan,Motor,Laptop,Iron"
203.917,-28.886,205.953,50.2,232.01,0.99,0.888,"Fan,Motor,Laptop,Iron"
203.002,-28.553,205,50.21,231.85,0.99,0.884,"Fan,Motor,Laptop,Iron"
206.157,-30.977,208.471,50.18,231.87,0.989,0.899,"Fan,Motor,Laptop,Iron"
203.325,-29.213,205.413,50.19,231.92,0.99,0.886,"Fan,Motor,Laptop,Iron"
202.142,-28.503,204.141,50.2,231.8,0.99,0.881,"Fan,Motor,Laptop,Iron"
205.638,-29.398,207.729,50.18,231.8,0.99,0.896,"Fan,Motor,Laptop,Iron"
205.602,-29.153,207.658,50.19,231.78,0.989,0.896,"Fan,Motor,Laptop,Iron"
204.205,-29.201,207.154,50.2,231.66,0.99,0.89,"Fan,Motor,Laptop,Iron"
205.165,-28.39,208.153,50.19,231.59,0.991,0.895,"Fan,Motor,Laptop,Iron"
206.494,-28.306,208.057,50.19,231.72,0.991,0.898,"Fan,Motor,Laptop,Iron"
210.748,-28.602,210.001,50.18,231.53,0.991,0.907,"Fan,Motor,Laptop,Iron"
206.441,-27.81,206.767,50.2,231.6,0.991,0.893,"Fan,Motor,Laptop,Iron"
208.826,-29.147,212.418,50.19,231.51,0.991,0.918,"Fan,Motor,Laptop,Iron"
211.52,-29.382,213.551,50.2,231.47,0.99,0.923,"Fan,Motor,Laptop,Iron"
217.08,-30.621,219.229,50.2,231.53,0.99,0.947,"Fan,Motor,Laptop,Iron"
221.308,-31.385,223.523,50.19,231.38,0.99,0.966,"Fan,Motor,Laptop,Iron"
228.598,-32.095,230.84,50.19,231.47,0.99,0.997,"Fan,Motor,Laptop,Iron"
229.79,-32.475,232.073,50.19,231.45,0.99,1.003,"Fan,Motor,Laptop,Iron"
217.845,-31.084,220.052,50.19,231.6,0.99,0.95,"Fan,Motor,Laptop,Iron"
221.227,-31.729,223.491,50.21,231.57,0.99,0.965,"Fan,Motor,Laptop,Iron"
218.093,-31.205,220.314,50.19,231.6,0.99,0.951,"Fan,Motor,Laptop,Iron"
219.77,-31.343,221.994,50.18,231.62,0.99,0.958,"Fan,Motor,Laptop,Iron"
218.963,-30.692,221.103,50.2,231.69,0.99,0.954,"Fan,Motor,Laptop,Iron"
212.856,-29.509,214.892,50.18,231.31,0.991,0.929,"Fan,Motor,Laptop,Iron"
210.704,-29.319,212.734,50.19,231.39,0.99,0.919,"Fan,Motor,Laptop,Iron"
214.212,-29.893,216.288,50.19,231.55,0.99,0.934,"Fan,Motor,Laptop,Iron"
215.641,-30.6,217.801,50.2,231.3,0.99,0.942,"Fan,Motor,Laptop,Iron"
213.583,-29.748,215.644,50.18,231.46,0.99,0.932,"Fan,Motor,Laptop,Iron"
221.246,-31.258,223.443,50.19,231.28,0.99,0.966,"Fan,Motor,Laptop,Iron"
218.553,-30.542,220.676,50.19,231.4,0.99,0.954,"Fan,Motor,Laptop,Iron"
220.151,-30.908,222.31,50.18,231.37,0.99,0.961,"Fan,Motor,Laptop,Iron"
215.775,-30.77,217.958,50.19,231.29,0.99,0.942,"Fan,Motor,Laptop,Iron"
215.255,-30.021,217.338,50.2,231.38,0.99,0.939,"Fan,Motor,Laptop,Iron"
212.273,-29.157,214.267,50.19,231.42,0.991,0.926,"Fan,Motor,Laptop,Iron"
210.665,-28.864,212.633,50.18,231.36,0.991,0.919,"Fan,Motor,Laptop,Iron"
213.344,-29.943,215.435,50.19,231.28,0.99,0.931,"Fan,Motor,Laptop,Iron"
213.009,-30.102,215.126,50.2,231.4,0.99,0.93,"Fan,Motor,Laptop,Iron"
213.845,-30.022,215.942,50.17,231.26,0.99,0.934,"Fan,Motor,Laptop,Iron"
213.919,-30.15,216.033,50.2,231.28,0.99,0.934,"Fan,Motor,Laptop,Iron"
211.741,-29.195,213.744,50.18,231.47,0.991,0.923,"Fan,Motor,Laptop,Iron"
210.164,-28.881,212.139,50.16,231.53,0.991,0.916,"Fan,Motor,Laptop,Iron"
207.072,-28.008,208.957,50.16,231.57,0.991,0.902,"Fan,Motor,Laptop,Iron"
206.401,-27.874,208.274,50.18,231.63,0.991,0.899,"Fan,Motor,Laptop,Iron"
206.956,-28.465,208.905,50.19,231.47,0.991,0.903,"Fan,Motor,Laptop,Iron"
209.225,-28.396,211.143,50.17,231.81,0.991,0.911,"Fan,Motor,Laptop,Iron"
211.058,-29.352,213.089,50.17,231.77,0.99,0.919,"Fan,Motor,Laptop,Iron"
207.731,-28.407,209.665,50.18,231.65,0.991,0.905,"Fan,Motor,Laptop,Iron"
209.295,-28.509,211.228,50.17,231.65,0.991,0.912,"Fan,Motor,Laptop,Iron"
207.554,-28.027,209.438,50.16,231.89,0.991,0.903,"Fan,Motor,Laptop,Iron"
206.009,-28.279,207.941,50.16,231.73,0.991,0.897,"Fan,Motor,Laptop,Iron"
204.442,-27.717,206.312,50.17,231.77,0.991,0.89,"Fan,Motor,Laptop,Iron"
206.783,-27.593,208.616,50.16,231.83,0.991,0.9,"Fan,Motor,Laptop,Iron"
211.021,-29.453,213.066,50.16,231.78,0.99,0.919,"Fan,Motor,Laptop,Iron"
207.984,-28.055,209.867,50.16,231.79,0.991,0.905,"Fan,Motor,Laptop,Iron"
207.297,-27.961,209.175,50.17,231.76,0.991,0.903,"Fan,Motor,Laptop,Iron"
206.679,-29.128,208.722,50.16,231.64,0.99,0.901,"Fan,Motor,Laptop,Iron"
208.732,-29.056,210.745,50.16,231.72,0.99,0.909,"Fan,Motor,Laptop,Iron"
204.44,-28.011,206.35,50.17,231.39,0.991,0.892,"Fan,Motor,Laptop,Iron"
206.484,-28.433,208.432,50.17,231.35,0.991,0.901,"Fan,Motor,Laptop,Iron"
210.625,-29.63,212.699,50.16,231.4,0.99,0.919,"Fan,Motor,Laptop,Iron"
210.994,-29.233,213.009,50.16,231.37,0.991,0.921,"Fan,Motor,Laptop,Iron"
204.696,-27.145,206.488,50.12,231.36,0.991,0.892,"Fan,Motor,Laptop,Iron"
205.139,-27.333,206.952,50.14,231.61,0.991,0.894,"Fan,Motor,Laptop,Iron"
204.496,-27.368,206.319,50.16,231.48,0.991,0.891,"Fan,Motor,Laptop,Iron"
203.409,-26.846,205.173,50.16,231.58,0.991,0.886,"Fan,Motor,Laptop,Iron"
202.929,-26.459,204.739,50.16,231.56,0.992,0.884,"Fan,Motor,Laptop,Iron"
206.066,-27.616,207.526,50.17,231.48,0.991,0.898,"Fan,Motor,Laptop,Iron"
207.008,-29.693,212.071,50.15,231.51,0.99,0.916,"Fan,Motor,Laptop,Iron"
212.798,-29.229,212.148,50.13,231.45,0.99,0.916,"Fan,Motor,Laptop,Iron"
208.821,-27.5,207.669,50.16,231.48,0.991,0.897,"Fan,Motor,Laptop,Iron"
206.88,-27.586,207.776,50.15,231.6,0.991,0.898,"Fan,Motor,Laptop,Iron"
205.01,-27.304,206.821,50.15,231.47,0.991,0.894,"Fan,Motor,Laptop,Iron"
204.111,-27.13,205.906,50.15,231.45,0.991,0.89,"Fan,Motor,Laptop,Iron"
203.595,-27.133,205.395,50.16,231.4,0.991,0.888,"Fan,Motor,Laptop,Iron"
204.33,-27.539,206.177,50.16,231.49,0.991,0.891,"Fan,Motor,Laptop,Iron"
204.047,-27.46,205.887,50.16,231.56,0.991,0.889,"Fan,Motor,Laptop,Iron"
204.487,-27.572,206.337,50.16,231.56,0.991,0.891,"Fan,Motor,Laptop,Iron"
204.692,-27.411,206.519,50.16,231.61,0.991,0.892,"Fan,Motor,Laptop,Iron"
201.649,-26.336,203.361,50.14,231.78,0.992,0.877,"Fan,Motor,Laptop,Iron"
206.945,-27.523,208.767,50.14,231.45,0.991,0.902,"Fan,Motor,Laptop,Iron"
204.105,-26.563,205.826,50.14,231.79,0.992,0.888,"Fan,Motor,Laptop,Iron"
200.116,-25.45,201.728,50.14,231.78,0.992,0.87,"Fan,Motor,Laptop,Iron"
201.087,-25.813,202.737,50.14,231.58,0.992,0.875,"Fan,Motor,Laptop,Iron"
202.283,-25.985,203.946,50.13,231.62,0.992,0.881,"Fan,Motor,Laptop,Iron"
207.398,-27.511,209.215,50.13,231.57,0.991,0.903,"Fan,Motor,Laptop,Iron"
207.664,-27.884,209.528,50.13,231.56,0.991,0.905,"Fan,Motor,Laptop,Iron"
205.484,-27.625,207.332,50.13,231.6,0.991,0.895,"Fan,Motor,Laptop,Iron"
202.314,-27.357,204.156,50.14,231.54,0.991,0.882,"Fan,Motor,Laptop,Iron"
200.501,-26.511,202.246,50.11,231.61,0.991,0.873,"Fan,Motor,Laptop,Iron"
199.311,-26.276,201.035,50.13,231.72,0.991,0.868,"Fan,Motor,Laptop"
197.924,-25.841,199.604,50.11,231.58,0.992,0.862,"Fan,Motor,Laptop"
198.28,-25.964,199.973,50.13,231.6,0.992,0.863,"Fan,Motor,Laptop"
199.869,-26.502,201.619,50.12,231.68,0.991,0.87,"Fan,Motor,Laptop"
199.929,-26.068,201.621,50.15,231.69,0.992,0.87,"Fan,Motor,Laptop"
200.411,-26.13,202.108,50.13,231.7,0.992,0.872,"Fan,Motor,Laptop,Iron"
198.026,-25.248,199.629,50.12,231.75,0.992,0.861,"Fan,Motor,Laptop"
201.035,-26.229,202.739,50.13,231.62,0.992,0.875,"Fan,Motor,Laptop,Iron"
200.228,-26.064,201.917,50.13,231.68,0.992,0.872,"Fan,Motor,Laptop,Iron"
199.607,-25.849,201.274,50.13,231.63,0.992,0.869,"Fan,Motor,Laptop"
201.444,-25.943,203.107,50.14,231.5,0.992,0.877,"Fan,Motor,Laptop,Iron"
203.006,-26.73,204.758,50.12,231.69,0.991,0.884,"Fan,Motor,Laptop,Iron"
204.494,-26.62,206.219,50.12,231.51,0.992,0.891,"Fan,Motor,Laptop,Iron"
208.796,-28.185,210.69,50.13,231.59,0.991,0.91,"Fan,Motor,Laptop,Iron"
207.453,-27.645,209.287,50.13,231.69,0.991,0.903,"Fan,Motor,Laptop,Iron"
203.845,-26.68,205.584,50.13,231.58,0.992,0.888,"Fan,Motor,Laptop,Iron"
206.37,-27.497,208.194,50.13,231.64,0.991,0.899,"Fan,Motor,Laptop,Iron"
205.296,-26.853,207.044,50.13,231.78,0.992,0.893,"Fan,Motor,Laptop,Iron"
199.975,-25.69,201.618,50.14,231.7,0.992,0.87,"Fan,Motor,Laptop,Iron"
204.407,-26.433,206.109,50.13,231.9,0.992,0.889,"Fan,Motor,Laptop,Iron"
205.87,-26.723,207.248,50.12,232.07,0.992,0.895,"Fan,Motor,Laptop,Iron"
206.429,-26.763,208.942,50.12,231.98,0.992,0.897,"Fan,Motor,Laptop,Iron"
204.606,-26.344,205.989,50.1,232.04,0.992,0.889,"Fan,Motor,Laptop,Iron"
205.191,-26.448,206.847,50.1,232.09,0.992,0.892,"Fan,Motor,Laptop,Iron"
204.712,-26.113,205.703,50.12,231.97,0.992,0.887,"Fan,Motor,Laptop,Iron"
207.531,-26.792,208.214,50.12,231.95,0.992,0.897,"Fan,Motor,Laptop,Iron"
210.386,-28.993,212.374,50.13,232.24,0.991,0.915,"Fan,Motor,Laptop,Iron"
210.222,-27.799,212.052,50.1,232,0.991,0.914,"Fan,Motor,Laptop,Iron"
209.809,-27.517,211.606,50.12,232.05,0.992,0.912,"Fan,Motor,Laptop,Iron"
209.768,-27.626,211.58,50.13,231.9,0.991,0.912,"Fan,Motor,Laptop,Iron"
207.42,-27.214,209.198,50.1,232,0.992,0.902,"Fan,Motor,Laptop,Iron"
203.381,-25.965,205.031,50.12,232.08,0.992,0.883,"Fan,Motor,Laptop,Iron"
203.482,-26.031,205.14,50.1,231.96,0.992,0.884,"Fan,Motor,Laptop,Iron"
205.313,-26.681,207.039,50.12,231.91,0.992,0.893,"Fan,Motor,Laptop,Iron"
204.857,-26.92,206.618,50.14,231.99,0.991,0.891,"Fan,Motor,Laptop,Iron"
207.738,-27.192,209.51,50.11,231.9,0.992,0.903,"Fan,Motor,Laptop,Iron"
207.079,-26.884,208.817,50.11,232,0.992,0.9,"Fan,Motor,Laptop,Iron"
207.785,-27.076,209.541,50.13,231.83,0.992,0.904,"Fan,Motor,Laptop,Iron"
206.216,-26.725,207.941,50.12,231.75,0.992,0.897,"Fan,Motor,Laptop,Iron"
205.116,-26.518,206.823,50.13,231.99,0.992,0.892,"Fan,Motor,Laptop,Iron"
204.928,-26.34,206.614,50.12,231.84,0.992,0.891,"Fan,Motor,Laptop,Iron"
205.083,-26.234,206.754,50.12,231.81,0.992,0.892,"Fan,Motor,Laptop,Iron"
204.508,-26.583,206.229,50.09,231.64,0.992,0.89,"Fan,Motor,Laptop,Iron"
204.264,-26.289,205.949,50.1,231.7,0.992,0.889,"Fan,Motor,Laptop,Iron"
204.101,-26.208,205.777,50.11,231.72,0.992,0.888,"Fan,Motor,Laptop,Iron"
204.239,-26.474,205.948,50.1,231.78,0.992,0.889,"Fan,Motor,Laptop,Iron"
203.787,-25.99,205.438,50.12,231.69,0.992,0.887,"Fan,Motor,Laptop,Iron"
201.879,-25.966,203.542,50.11,231.65,0.992,0.879,"Fan,Motor,Laptop,Iron"
202.671,-25.836,204.311,50.1,231.66,0.992,0.882,"Fan,Motor,Laptop,Iron"
201.948,-25.817,203.592,50.12,231.78,0.992,0.878,"Fan,Motor,Laptop,Iron"
200.953,-25.612,202.578,50.08,231.79,0.992,0.874,"Fan,Motor,Laptop,Iron"
202.621,-25.95,204.276,50.09,231.72,0.992,0.882,"Fan,Motor,Laptop,Iron"
202.892,-26.561,204.623,50.12,231.72,0.992,0.883,"Fan,Motor,Laptop,Iron"
213.091,-27.951,214.916,50.11,231.8,0.992,0.927,"Fan,Motor,Laptop,Iron"
210.288,-27.805,212.119,50.12,231.66,0.991,0.916,"Fan,Motor,Laptop,Iron"
204.559,-26.136,206.222,50.1,231.66,0.992,0.89,"Fan,Motor,Laptop,Iron"
